Metric,Value
Final Average Reward,0.7418458069655827
Max Reward,148.36916139311654
Min Reward,0.5993428306022466
Final Loss,0.06862876259775856
Final With Heuristic Data Success Rate,0.9613190147913455
Final Without Heuristic Data Success Rate,0.45119024557982984
